page,section_order,section_label,image
blog_details.html,1,header.site_header.header_layout_1,assets/images/site_logo/site_logo_white.svg
blog_details.html,1,header.site_header.header_layout_1,assets/images/site_logo/site_logo_black.svg
blog_details.html,1,header.site_header.header_layout_1,assets/images/icons/icon_calling.svg
blog_details.html,2,section.page_header.text-center.bg-dark.section_decoration,assets/images/backgrounds/page_header_bg_1.webp
blog_details.html,2,section.page_header.text-center.bg-dark.section_decoration,assets/images/shapes/shape_nate.svg
blog_details.html,2,section.page_header.text-center.bg-dark.section_decoration,assets/images/shapes/shape_dollar_1.webp
blog_details.html,2,section.page_header.text-center.bg-dark.section_decoration,assets/images/shapes/shape_dollar_2.webp
blog_details.html,2,section.page_header.text-center.bg-dark.section_decoration,assets/images/shapes/shape_dollar_3.webp
blog_details.html,2,section.page_header.text-center.bg-dark.section_decoration,assets/images/shapes/shape_dollar_4.webp
blog_details.html,2,section.page_header.text-center.bg-dark.section_decoration,assets/images/shapes/breadcrumb_shape_pattern_1.svg
blog_details.html,2,section.page_header.text-center.bg-dark.section_decoration,assets/images/shapes/breadcrumb_shape_pattern_2.svg
blog_details.html,3,section.blog_details_section.section_space.bg-light,assets/images/blogs/blog_details_image_1.webp
blog_details.html,3,section.blog_details_section.section_space.bg-light,assets/images/icons/icon_tag.svg
blog_details.html,3,section.blog_details_section.section_space.bg-light,assets/images/icons/icon_calendar.svg
blog_details.html,3,section.blog_details_section.section_space.bg-light,assets/images/icons/icon_user.svg
blog_details.html,3,section.blog_details_section.section_space.bg-light,assets/images/icons/icon_comment.svg
blog_details.html,3,section.blog_details_section.section_space.bg-light,assets/images/icons/icon_eye.svg
blog_details.html,3,section.blog_details_section.section_space.bg-light,assets/images/icons/icon_link.svg
blog_details.html,3,section.blog_details_section.section_space.bg-light,assets/images/icons/icon_bookmark.svg
blog_details.html,3,section.blog_details_section.section_space.bg-light,assets/images/blogs/blog_image_10.webp
blog_details.html,3,section.blog_details_section.section_space.bg-light,assets/images/blogs/blog_image_11.webp
blog_details.html,3,section.blog_details_section.section_space.bg-light,assets/images/blogs/blog_image_12.webp
blog_details.html,3,section.blog_details_section.section_space.bg-light,assets/images/avatar/avatar_image_7.webp
blog_details.html,3,section.blog_details_section.section_space.bg-light,assets/images/avatar/avatar_image_8.webp
blog_details.html,3,section.blog_details_section.section_space.bg-light,assets/images/avatar/avatar_image_9.webp
blog_details.html,3,section.blog_details_section.section_space.bg-light,assets/images/avatar/avatar_image_10.webp
blog_details.html,3,section.blog_details_section.section_space.bg-light,assets/images/icons/icon_search_2.svg
blog_details.html,3,section.blog_details_section.section_space.bg-light,assets/images/blogs/recent_blog_post_image_1.webp
blog_details.html,3,section.blog_details_section.section_space.bg-light,assets/images/blogs/recent_blog_post_image_2.webp
blog_details.html,3,section.blog_details_section.section_space.bg-light,assets/images/blogs/recent_blog_post_image_3.webp
blog_details.html,4,footer.site_footer.footer_layout_1.bg-dark.section_decoration,assets/images/icons/icon_email.svg
blog_details.html,4,footer.site_footer.footer_layout_1.bg-dark.section_decoration,assets/images/site_logo/site_logo_white.svg
blog_details.html,4,footer.site_footer.footer_layout_1.bg-dark.section_decoration,assets/images/icons/icon_calling_2.svg
blog_details.html,4,footer.site_footer.footer_layout_1.bg-dark.section_decoration,assets/images/icons/icon_email_2.svg
blog_details.html,4,footer.site_footer.footer_layout_1.bg-dark.section_decoration,assets/images/app_store.webp
blog_details.html,4,footer.site_footer.footer_layout_1.bg-dark.section_decoration,assets/images/google_play.webp
blog_details.html,4,footer.site_footer.footer_layout_1.bg-dark.section_decoration,assets/images/shapes/shape_finto.svg
blog_details.html,4,footer.site_footer.footer_layout_1.bg-dark.section_decoration,assets/images/shapes/shape_nate_2.svg
blog_details.html,4,footer.site_footer.footer_layout_1.bg-dark.section_decoration,assets/images/shapes/shape_dollar_5.webp
blog_details.html,4,footer.site_footer.footer_layout_1.bg-dark.section_decoration,assets/images/shapes/shape_dollar_3.webp
blog.html,1,header.site_header.header_layout_1,assets/images/site_logo/site_logo_white.svg
blog.html,1,header.site_header.header_layout_1,assets/images/site_logo/site_logo_black.svg
blog.html,1,header.site_header.header_layout_1,assets/images/icons/icon_calling.svg
blog.html,2,section.page_header.text-center.bg-dark.section_decoration,assets/images/backgrounds/page_header_bg_1.webp
blog.html,2,section.page_header.text-center.bg-dark.section_decoration,assets/images/shapes/shape_nate.svg
blog.html,2,section.page_header.text-center.bg-dark.section_decoration,assets/images/shapes/shape_dollar_1.webp
blog.html,2,section.page_header.text-center.bg-dark.section_decoration,assets/images/shapes/shape_dollar_2.webp
blog.html,2,section.page_header.text-center.bg-dark.section_decoration,assets/images/shapes/shape_dollar_3.webp
blog.html,2,section.page_header.text-center.bg-dark.section_decoration,assets/images/shapes/shape_dollar_4.webp
blog.html,2,section.page_header.text-center.bg-dark.section_decoration,assets/images/shapes/breadcrumb_shape_pattern_1.svg
blog.html,2,section.page_header.text-center.bg-dark.section_decoration,assets/images/shapes/breadcrumb_shape_pattern_2.svg
blog.html,3,section.blog_section.section_space,assets/images/blogs/blog_image_1.webp
blog.html,3,section.blog_section.section_space,assets/images/icons/icon_tag.svg
blog.html,3,section.blog_section.section_space,assets/images/icons/icon_calendar.svg
blog.html,3,section.blog_section.section_space,assets/images/blogs/blog_image_2.webp
blog.html,3,section.blog_section.section_space,assets/images/blogs/blog_image_3.webp
blog.html,3,section.blog_section.section_space,assets/images/blogs/blog_image_4.webp
blog.html,3,section.blog_section.section_space,assets/images/blogs/blog_image_5.webp
blog.html,3,section.blog_section.section_space,assets/images/blogs/blog_image_6.webp
blog.html,3,section.blog_section.section_space,assets/images/blogs/blog_image_7.webp
blog.html,3,section.blog_section.section_space,assets/images/blogs/blog_image_8.webp
blog.html,3,section.blog_section.section_space,assets/images/blogs/blog_image_9.webp
blog.html,4,footer.site_footer.footer_layout_1.bg-dark.section_decoration,assets/images/icons/icon_email.svg
blog.html,4,footer.site_footer.footer_layout_1.bg-dark.section_decoration,assets/images/site_logo/site_logo_white.svg
blog.html,4,footer.site_footer.footer_layout_1.bg-dark.section_decoration,assets/images/icons/icon_calling_2.svg
blog.html,4,footer.site_footer.footer_layout_1.bg-dark.section_decoration,assets/images/icons/icon_email_2.svg
blog.html,4,footer.site_footer.footer_layout_1.bg-dark.section_decoration,assets/images/app_store.webp
blog.html,4,footer.site_footer.footer_layout_1.bg-dark.section_decoration,assets/images/google_play.webp
blog.html,4,footer.site_footer.footer_layout_1.bg-dark.section_decoration,assets/images/shapes/shape_finto.svg
blog.html,4,footer.site_footer.footer_layout_1.bg-dark.section_decoration,assets/images/shapes/shape_nate_2.svg
blog.html,4,footer.site_footer.footer_layout_1.bg-dark.section_decoration,assets/images/shapes/shape_dollar_5.webp
blog.html,4,footer.site_footer.footer_layout_1.bg-dark.section_decoration,assets/images/shapes/shape_dollar_3.webp
career_details.html,1,header.site_header.header_layout_1,assets/images/site_logo/site_logo_white.svg
career_details.html,1,header.site_header.header_layout_1,assets/images/site_logo/site_logo_black.svg
career_details.html,1,header.site_header.header_layout_1,assets/images/icons/icon_calling.svg
career_details.html,2,section.page_header.text-center.bg-dark.section_decoration,assets/images/backgrounds/page_header_bg_1.webp
career_details.html,2,section.page_header.text-center.bg-dark.section_decoration,assets/images/shapes/shape_nate.svg
career_details.html,2,section.page_header.text-center.bg-dark.section_decoration,assets/images/shapes/shape_dollar_1.webp
career_details.html,2,section.page_header.text-center.bg-dark.section_decoration,assets/images/shapes/shape_dollar_2.webp
career_details.html,2,section.page_header.text-center.bg-dark.section_decoration,assets/images/shapes/shape_dollar_3.webp
career_details.html,2,section.page_header.text-center.bg-dark.section_decoration,assets/images/shapes/shape_dollar_4.webp
career_details.html,2,section.page_header.text-center.bg-dark.section_decoration,assets/images/shapes/breadcrumb_shape_pattern_1.svg
career_details.html,2,section.page_header.text-center.bg-dark.section_decoration,assets/images/shapes/breadcrumb_shape_pattern_2.svg
career_details.html,5,footer.site_footer.footer_layout_1.bg-dark.section_decoration,assets/images/icons/icon_email.svg
career_details.html,5,footer.site_footer.footer_layout_1.bg-dark.section_decoration,assets/images/site_logo/site_logo_white.svg
career_details.html,5,footer.site_footer.footer_layout_1.bg-dark.section_decoration,assets/images/icons/icon_calling_2.svg
career_details.html,5,footer.site_footer.footer_layout_1.bg-dark.section_decoration,assets/images/icons/icon_email_2.svg
career_details.html,5,footer.site_footer.footer_layout_1.bg-dark.section_decoration,assets/images/app_store.webp
career_details.html,5,footer.site_footer.footer_layout_1.bg-dark.section_decoration,assets/images/google_play.webp
career_details.html,5,footer.site_footer.footer_layout_1.bg-dark.section_decoration,assets/images/shapes/shape_finto.svg
career_details.html,5,footer.site_footer.footer_layout_1.bg-dark.section_decoration,assets/images/shapes/shape_nate_2.svg
career_details.html,5,footer.site_footer.footer_layout_1.bg-dark.section_decoration,assets/images/shapes/shape_dollar_5.webp
career_details.html,5,footer.site_footer.footer_layout_1.bg-dark.section_decoration,assets/images/shapes/shape_dollar_3.webp
career.html,1,header.site_header.header_layout_1,assets/images/site_logo/site_logo_white.svg
career.html,1,header.site_header.header_layout_1,assets/images/site_logo/site_logo_black.svg
career.html,1,header.site_header.header_layout_1,assets/images/icons/icon_calling.svg
career.html,2,section.page_header.text-center.bg-dark.section_decoration,assets/images/backgrounds/page_header_bg_1.webp
career.html,2,section.page_header.text-center.bg-dark.section_decoration,assets/images/shapes/shape_nate.svg
career.html,2,section.page_header.text-center.bg-dark.section_decoration,assets/images/shapes/shape_dollar_1.webp
career.html,2,section.page_header.text-center.bg-dark.section_decoration,assets/images/shapes/shape_dollar_2.webp
career.html,2,section.page_header.text-center.bg-dark.section_decoration,assets/images/shapes/shape_dollar_3.webp
career.html,2,section.page_header.text-center.bg-dark.section_decoration,assets/images/shapes/shape_dollar_4.webp
career.html,2,section.page_header.text-center.bg-dark.section_decoration,assets/images/shapes/breadcrumb_shape_pattern_1.svg
career.html,2,section.page_header.text-center.bg-dark.section_decoration,assets/images/shapes/breadcrumb_shape_pattern_2.svg
career.html,4,footer.site_footer.footer_layout_1.bg-dark.section_decoration,assets/images/icons/icon_email.svg
career.html,4,footer.site_footer.footer_layout_1.bg-dark.section_decoration,assets/images/site_logo/site_logo_white.svg
career.html,4,footer.site_footer.footer_layout_1.bg-dark.section_decoration,assets/images/icons/icon_calling_2.svg
career.html,4,footer.site_footer.footer_layout_1.bg-dark.section_decoration,assets/images/icons/icon_email_2.svg
career.html,4,footer.site_footer.footer_layout_1.bg-dark.section_decoration,assets/images/app_store.webp
career.html,4,footer.site_footer.footer_layout_1.bg-dark.section_decoration,assets/images/google_play.webp
career.html,4,footer.site_footer.footer_layout_1.bg-dark.section_decoration,assets/images/shapes/shape_finto.svg
career.html,4,footer.site_footer.footer_layout_1.bg-dark.section_decoration,assets/images/shapes/shape_nate_2.svg
career.html,4,footer.site_footer.footer_layout_1.bg-dark.section_decoration,assets/images/shapes/shape_dollar_5.webp
career.html,4,footer.site_footer.footer_layout_1.bg-dark.section_decoration,assets/images/shapes/shape_dollar_3.webp
contact.html,1,header.site_header.header_layout_1,assets/images/site_logo/site_logo_white.svg
contact.html,1,header.site_header.header_layout_1,assets/images/site_logo/site_logo_black.svg
contact.html,1,header.site_header.header_layout_1,assets/images/icons/icon_calling.svg
contact.html,2,section.page_header.text-center.bg-dark.section_decoration,assets/images/backgrounds/page_header_bg_1.webp
contact.html,2,section.page_header.text-center.bg-dark.section_decoration,assets/images/shapes/shape_nate.svg
contact.html,2,section.page_header.text-center.bg-dark.section_decoration,assets/images/shapes/shape_dollar_1.webp
contact.html,2,section.page_header.text-center.bg-dark.section_decoration,assets/images/shapes/shape_dollar_2.webp
contact.html,2,section.page_header.text-center.bg-dark.section_decoration,assets/images/shapes/shape_dollar_3.webp
contact.html,2,section.page_header.text-center.bg-dark.section_decoration,assets/images/shapes/shape_dollar_4.webp
contact.html,2,section.page_header.text-center.bg-dark.section_decoration,assets/images/shapes/breadcrumb_shape_pattern_1.svg
contact.html,2,section.page_header.text-center.bg-dark.section_decoration,assets/images/shapes/breadcrumb_shape_pattern_2.svg
contact.html,3,section.contact_section.section_space.bg-light,assets/images/icons/icon_calling_3.svg
contact.html,3,section.contact_section.section_space.bg-light,assets/images/icons/icon_email_3.svg
contact.html,4,footer.site_footer.footer_layout_1.bg-dark.section_decoration,assets/images/icons/icon_email.svg
contact.html,4,footer.site_footer.footer_layout_1.bg-dark.section_decoration,assets/images/site_logo/site_logo_white.svg
contact.html,4,footer.site_footer.footer_layout_1.bg-dark.section_decoration,assets/images/icons/icon_calling_2.svg
contact.html,4,footer.site_footer.footer_layout_1.bg-dark.section_decoration,assets/images/icons/icon_email_2.svg
contact.html,4,footer.site_footer.footer_layout_1.bg-dark.section_decoration,assets/images/app_store.webp
contact.html,4,footer.site_footer.footer_layout_1.bg-dark.section_decoration,assets/images/google_play.webp
contact.html,4,footer.site_footer.footer_layout_1.bg-dark.section_decoration,assets/images/shapes/shape_finto.svg
contact.html,4,footer.site_footer.footer_layout_1.bg-dark.section_decoration,assets/images/shapes/shape_nate_2.svg
contact.html,4,footer.site_footer.footer_layout_1.bg-dark.section_decoration,assets/images/shapes/shape_dollar_5.webp
contact.html,4,footer.site_footer.footer_layout_1.bg-dark.section_decoration,assets/images/shapes/shape_dollar_3.webp
error.html,1,section.error_section.text-center.section_decoration,assets/images/404_error_image.webp
error.html,1,section.error_section.text-center.section_decoration,assets/images/icons/icon_search_2.svg
error.html,1,section.error_section.text-center.section_decoration,assets/images/shapes/shape_dollar_1.webp
error.html,1,section.error_section.text-center.section_decoration,assets/images/shapes/shape_dollar_2.webp
error.html,1,section.error_section.text-center.section_decoration,assets/images/shapes/shape_dollar_3.webp
error.html,1,section.error_section.text-center.section_decoration,assets/images/shapes/shape_dollar_4.webp
index_car_insurance.html,1,header.site_header.header_layout_3,assets/images/site_logo/site_logo_black_2.svg
index_car_insurance.html,1,header.site_header.header_layout_3,assets/images/icons/icon_calling_7.svg
index_car_insurance.html,2,section.hero_section.hero_car_insurance.bg-primary.section_decoration,assets/images/shapes/shape_car_path_1.png
index_car_insurance.html,2,section.hero_section.hero_car_insurance.bg-primary.section_decoration,assets/images/hero/car.png
index_car_insurance.html,2,section.hero_section.hero_car_insurance.bg-primary.section_decoration,assets/images/clients/client_logo_30.webp
index_car_insurance.html,2,section.hero_section.hero_car_insurance.bg-primary.section_decoration,assets/images/clients/client_logo_31.webp
index_car_insurance.html,2,section.hero_section.hero_car_insurance.bg-primary.section_decoration,assets/images/shapes/shape_nate_36.svg
index_car_insurance.html,3,section.car_process_section.section_space.section_decoration,assets/images/icons/icon_phone.svg
index_car_insurance.html,3,section.car_process_section.section_space.section_decoration,assets/images/icons/icon_car_2.svg
index_car_insurance.html,3,section.car_process_section.section_space.section_decoration,assets/images/icons/icon_doc_2.svg
index_car_insurance.html,3,section.car_process_section.section_space.section_decoration,assets/images/shapes/shape_nate_37.svg
index_car_insurance.html,3,section.car_process_section.section_space.section_decoration,assets/images/shapes/shape_nate_38.svg
index_car_insurance.html,4,section.car_insurance_feature_section.section_space.pb-0.section_decoration,assets/images/icons/icon_check_3.svg
index_car_insurance.html,4,section.car_insurance_feature_section.section_space.pb-0.section_decoration,assets/images/icons/icon_close.svg
index_car_insurance.html,4,section.car_insurance_feature_section.section_space.pb-0.section_decoration,assets/images/shapes/shape_car_path_2.webp
index_car_insurance.html,4,section.car_insurance_feature_section.section_space.pb-0.section_decoration,assets/images/shapes/shape_car_path_3.webp
index_car_insurance.html,5,section.car_insurance_cta_section.section_decoration.bg-gradient.bg-primary,assets/images/about/about_image_10.webp
index_car_insurance.html,5,section.car_insurance_cta_section.section_decoration.bg-gradient.bg-primary,assets/images/clients/client_logo_32.webp
index_car_insurance.html,5,section.car_insurance_cta_section.section_decoration.bg-gradient.bg-primary,assets/images/clients/client_logo_33.webp
index_car_insurance.html,5,section.car_insurance_cta_section.section_decoration.bg-gradient.bg-primary,assets/images/clients/client_logo_34.webp
index_car_insurance.html,5,section.car_insurance_cta_section.section_decoration.bg-gradient.bg-primary,assets/images/clients/client_logo_35.webp
index_car_insurance.html,5,section.car_insurance_cta_section.section_decoration.bg-gradient.bg-primary,assets/images/about/about_image_11.webp
index_car_insurance.html,5,section.car_insurance_cta_section.section_decoration.bg-gradient.bg-primary,assets/images/icons/icon_chat_2.svg
index_car_insurance.html,5,section.car_insurance_cta_section.section_decoration.bg-gradient.bg-primary,assets/images/avatar/avatar_image_8.webp
index_car_insurance.html,5,section.car_insurance_cta_section.section_decoration.bg-gradient.bg-primary,assets/images/shapes/shape_nate_38.svg
index_car_insurance.html,5,section.car_insurance_cta_section.section_decoration.bg-gradient.bg-primary,assets/images/shapes/shape_nate_39.svg
index_car_insurance.html,6,section.review_section.section_space.section_decoration.bg-primary,assets/images/clients/client_logo_9.webp
index_car_insurance.html,6,section.review_section.section_space.section_decoration.bg-primary,assets/images/clients/client_logo_36.webp
index_car_insurance.html,6,section.review_section.section_space.section_decoration.bg-primary,assets/images/avatar/avatar_image_1.webp
index_car_insurance.html,6,section.review_section.section_space.section_decoration.bg-primary,assets/images/avatar/avatar_image_2.webp
index_car_insurance.html,6,section.review_section.section_space.section_decoration.bg-primary,assets/images/avatar/avatar_image_3.webp
index_car_insurance.html,6,section.review_section.section_space.section_decoration.bg-primary,assets/images/avatar/avatar_image_4.webp
index_car_insurance.html,6,section.review_section.section_space.section_decoration.bg-primary,assets/images/shapes/shape_car_path_2.webp
index_car_insurance.html,6,section.review_section.section_space.section_decoration.bg-primary,assets/images/shapes/shape_car_path_3.webp
index_car_insurance.html,6,section.review_section.section_space.section_decoration.bg-primary,assets/images/shapes/shape_nate_36.svg
index_car_insurance.html,7,section.blog_section.section_space.section_decoration,assets/images/blogs/blog_image_19.webp
index_car_insurance.html,7,section.blog_section.section_space.section_decoration,assets/images/blogs/blog_image_20.webp
index_car_insurance.html,7,section.blog_section.section_space.section_decoration,assets/images/blogs/blog_image_21.webp
index_car_insurance.html,8,footer.site_footer.footer_layout_6.bg-secondary.section_space,assets/images/shapes/shape_nate_40.svg
index_car_insurance.html,8,footer.site_footer.footer_layout_6.bg-secondary.section_space,assets/images/site_logo/site_logo_white_2.svg
index_car_insurance.html,8,footer.site_footer.footer_layout_6.bg-secondary.section_space,assets/images/about/hand_image.webp
index_car_insurance.html,8,footer.site_footer.footer_layout_6.bg-secondary.section_space,assets/images/icons/icon_email_4.svg
index_car_insurance.html,8,footer.site_footer.footer_layout_6.bg-secondary.section_space,assets/images/shapes/shape_car_path_4.webp
index_car_insurance.html,8,footer.site_footer.footer_layout_6.bg-secondary.section_space,assets/images/shapes/shape_car_path_5.webp
index_financial_consulting.html,1,header.site_header.header_layout_2,assets/images/site_logo/site_logo_black_3.svg
index_financial_consulting.html,1,header.site_header.header_layout_2,assets/images/icons/icon_calling_4.svg
index_financial_consulting.html,1,header.site_header.header_layout_2,assets/images/flags/flag_usa.webp
index_financial_consulting.html,1,header.site_header.header_layout_2,assets/images/flags/flag_saudi_arabia.webp
index_financial_consulting.html,1,header.site_header.header_layout_2,assets/images/flags/flag_bangladesh.webp
index_financial_consulting.html,1,header.site_header.header_layout_2,assets/images/flags/flag_portugal.webp
index_financial_consulting.html,2,section.offcanvas_wrapper,assets/images/icons/icon_calling_4.svg
index_financial_consulting.html,2,section.offcanvas_wrapper,assets/images/icons/icon_mail.svg
index_financial_consulting.html,3,section.container-fluid,assets/images/backgrounds/hero_bg_pattern_1.webp
index_financial_consulting.html,3,section.container-fluid,assets/images/hero/hero_image_2.webp
index_financial_consulting.html,4,section.about_section.section_space.section_decoration.pb-0,assets/images/icons/icon_check_2.svg
index_financial_consulting.html,4,section.about_section.section_space.section_decoration.pb-0,assets/images/about/about_image_4.webp
index_financial_consulting.html,4,section.about_section.section_space.section_decoration.pb-0,assets/images/shapes/shape_nate_3.svg
index_financial_consulting.html,4,section.about_section.section_space.section_decoration.pb-0,assets/images/shapes/shape_nate_4.svg
index_financial_consulting.html,5,section.service_section.section_space.section_decoration,assets/images/icons/icon_cog.svg
index_financial_consulting.html,5,section.service_section.section_space.section_decoration,assets/images/icons/icon_dollar_4.svg
index_financial_consulting.html,5,section.service_section.section_space.section_decoration,assets/images/icons/icon_dollar_5.svg
index_financial_consulting.html,5,section.service_section.section_space.section_decoration,assets/images/icons/icon_dollar_6.svg
index_financial_consulting.html,5,section.service_section.section_space.section_decoration,assets/images/icons/icon_hand.svg
index_financial_consulting.html,5,section.service_section.section_space.section_decoration,assets/images/icons/icon_chair.svg
index_financial_consulting.html,6,section.team_section.section_space.pt-0,assets/images/team/team_member_image_5.webp
index_financial_consulting.html,6,section.team_section.section_space.pt-0,assets/images/team/team_member_image_6.webp
index_financial_consulting.html,6,section.team_section.section_space.pt-0,assets/images/team/team_member_image_7.webp
index_financial_consulting.html,6,section.team_section.section_space.pt-0,assets/images/team/team_member_image_8.webp
index_financial_consulting.html,7,section.portfolio_section,assets/images/projects/project_image_8.webp
index_financial_consulting.html,7,section.portfolio_section,assets/images/projects/project_image_9.webp
index_financial_consulting.html,7,section.portfolio_section,assets/images/projects/project_image_10.webp
index_financial_consulting.html,7,section.portfolio_section,assets/images/projects/project_image_11.webp
index_financial_consulting.html,8,section.pricing_section.section_space.section_decoration,assets/images/shapes/shape_nate_3.svg
index_financial_consulting.html,8,section.pricing_section.section_space.section_decoration,assets/images/shapes/shape_nate_4.svg
index_financial_consulting.html,9,section.review_section.section_space.pt-0,assets/images/shapes/shape_pattern_4.svg
index_financial_consulting.html,9,section.review_section.section_space.pt-0,assets/images/icons/icon_quote.svg
index_financial_consulting.html,9,section.review_section.section_space.pt-0,assets/images/avatar/avatar_image_1.webp
index_financial_consulting.html,9,section.review_section.section_space.pt-0,assets/images/avatar/avatar_image_3.webp
index_financial_consulting.html,9,section.review_section.section_space.pt-0,assets/images/avatar/avatar_image_2.webp
index_financial_consulting.html,10,section.contact_section,assets/images/about/about_image_5.webp
index_financial_consulting.html,10,section.contact_section,assets/images/icons/icon_target.svg
index_financial_consulting.html,10,section.contact_section,assets/images/icons/icon_mail.svg
index_financial_consulting.html,10,section.contact_section,assets/images/about/about_image_6.webp
index_financial_consulting.html,11,section.blog_section.section_space.section_decoration,assets/images/blogs/blog_image_16.webp
index_financial_consulting.html,11,section.blog_section.section_space.section_decoration,assets/images/icons/icon_tag.svg
index_financial_consulting.html,11,section.blog_section.section_space.section_decoration,assets/images/icons/icon_calendar.svg
index_financial_consulting.html,11,section.blog_section.section_space.section_decoration,assets/images/blogs/blog_image_17.webp
index_financial_consulting.html,11,section.blog_section.section_space.section_decoration,assets/images/blogs/blog_image_18.webp
index_financial_consulting.html,11,section.blog_section.section_space.section_decoration,assets/images/shapes/shape_nate_3.svg
index_financial_consulting.html,11,section.blog_section.section_space.section_decoration,assets/images/shapes/shape_nate_4.svg
index_financial_consulting.html,12,footer.site_footer.footer_layout_4.section_decoration,assets/images/icons/icon_email.svg
index_financial_consulting.html,12,footer.site_footer.footer_layout_4.section_decoration,assets/images/icons/icon_calling_5.svg
index_financial_consulting.html,12,footer.site_footer.footer_layout_4.section_decoration,assets/images/icons/icon_map_mark.svg
index_financial_consulting.html,12,footer.site_footer.footer_layout_4.section_decoration,assets/images/backgrounds/newslatter_bg_image_1.webp
index_financial_consulting.html,12,footer.site_footer.footer_layout_4.section_decoration,assets/images/shapes/shape_nate_3.svg
index_insurance.html,1,header.site_header.header_layout_1,assets/images/site_logo/site_logo_white.svg
index_insurance.html,1,header.site_header.header_layout_1,assets/images/site_logo/site_logo_black.svg
index_insurance.html,1,header.site_header.header_layout_1,assets/images/icons/icon_calling.svg
index_insurance.html,2,section.hero_section.hero_insurance.bg-dark.section_decoration,assets/images/icons/icon_money_bag.svg
index_insurance.html,2,section.hero_section.hero_insurance.bg-dark.section_decoration,assets/images/icons/icon_mobile_network.svg
index_insurance.html,2,section.hero_section.hero_insurance.bg-dark.section_decoration,assets/images/hero/hero_image_3.webp
index_insurance.html,2,section.hero_section.hero_insurance.bg-dark.section_decoration,assets/images/shapes/shape_pattern_5.svg
index_insurance.html,2,section.hero_section.hero_insurance.bg-dark.section_decoration,assets/images/shapes/shape_pattern_6.svg
index_insurance.html,2,section.hero_section.hero_insurance.bg-dark.section_decoration,assets/images/shapes/shape_nate_28.svg
index_insurance.html,2,section.hero_section.hero_insurance.bg-dark.section_decoration,assets/images/shapes/shape_nate_29.svg
index_insurance.html,3,section.about_section.section_space.pb-0,assets/images/about/about_image_7.webp
index_insurance.html,3,section.about_section.section_space.pb-0,assets/images/icons/icon_user_2.svg
index_insurance.html,3,section.about_section.section_space.pb-0,assets/images/icons/icon_trush_bin.svg
index_insurance.html,3,section.about_section.section_space.pb-0,assets/images/icons/icon_support.svg
index_insurance.html,3,section.about_section.section_space.pb-0,assets/images/icons/icon_tag_2.svg
index_insurance.html,4,section.service_section.section_space,assets/images/shapes/shape_circle.svg
index_insurance.html,4,section.service_section.section_space,assets/images/icons/icon_car.svg
index_insurance.html,4,section.service_section.section_space,assets/images/icons/icon_house.svg
index_insurance.html,4,section.service_section.section_space,assets/images/icons/icon_dog.svg
index_insurance.html,4,section.service_section.section_space,assets/images/icons/icon_heart.svg
index_insurance.html,4,section.service_section.section_space,assets/images/icons/icon_umbrella.svg
index_insurance.html,4,section.service_section.section_space,assets/images/icons/icon_hand_2.svg
index_insurance.html,4,section.service_section.section_space,assets/images/icons/icon_diamond.svg
index_insurance.html,5,section.funfact_section,assets/images/icons/icon_umbrella_2.svg
index_insurance.html,5,section.funfact_section,assets/images/icons/icon_medal_2.svg
index_insurance.html,5,section.funfact_section,assets/images/about/about_image_8.webp
index_insurance.html,6,section.review_section.section_space.section_decoration,assets/images/clients/client_logo_26.webp
index_insurance.html,6,section.review_section.section_space.section_decoration,assets/images/clients/client_logo_10.webp
index_insurance.html,6,section.review_section.section_space.section_decoration,assets/images/avatar/avatar_image_1.webp
index_insurance.html,6,section.review_section.section_space.section_decoration,assets/images/avatar/avatar_image_2.webp
index_insurance.html,6,section.review_section.section_space.section_decoration,assets/images/avatar/avatar_image_3.webp
index_insurance.html,6,section.review_section.section_space.section_decoration,assets/images/avatar/avatar_image_4.webp
index_insurance.html,6,section.review_section.section_space.section_decoration,assets/images/icons/icon_star_2.svg
index_insurance.html,6,section.review_section.section_space.section_decoration,assets/images/icons/icon_star_1.svg
index_insurance.html,6,section.review_section.section_space.section_decoration,assets/images/shapes/shape_arrow_3.webp
index_insurance.html,7,section.client_feedback_section.section_space.section_decoration.bg-light,assets/images/backgrounds/background_image_1.webp
index_insurance.html,7,section.client_feedback_section.section_space.section_decoration.bg-light,assets/images/shapes/shape_nate_30.svg
index_insurance.html,7,section.client_feedback_section.section_space.section_decoration.bg-light,assets/images/icons/icon_star_1.svg
index_insurance.html,7,section.client_feedback_section.section_space.section_decoration.bg-light,assets/images/icons/icon_star_2.svg
index_insurance.html,7,section.client_feedback_section.section_space.section_decoration.bg-light,assets/images/shapes/shape_arrow_4.webp
index_insurance.html,8,section.team_section.section_space.pb-0,assets/images/team/team_member_image_9.webp
index_insurance.html,8,section.team_section.section_space.pb-0,assets/images/team/team_member_image_10.webp
index_insurance.html,8,section.team_section.section_space.pb-0,assets/images/team/team_member_image_11.webp
index_insurance.html,8,section.team_section.section_space.pb-0,assets/images/team/team_member_image_12.webp
index_insurance.html,8,section.team_section.section_space.pb-0,assets/images/team/team_member_image_13.webp
index_insurance.html,8,section.team_section.section_space.pb-0,assets/images/team/team_member_image_14.webp
index_insurance.html,9,section.clients_section.section_space,assets/images/clients/brand_01.png
index_insurance.html,9,section.clients_section.section_space,assets/images/clients/brand_02.png
index_insurance.html,9,section.clients_section.section_space,assets/images/clients/brand_03.png
index_insurance.html,9,section.clients_section.section_space,assets/images/clients/brand_04.png
index_insurance.html,9,section.clients_section.section_space,assets/images/clients/brand_05.png
index_insurance.html,9,section.clients_section.section_space,assets/images/clients/brand_06.png
index_insurance.html,9,section.clients_section.section_space,assets/images/clients/brand_07.png
index_insurance.html,9,section.clients_section.section_space,assets/images/clients/brand_08.png
index_insurance.html,9,section.clients_section.section_space,assets/images/clients/brand_09.png
index_insurance.html,9,section.clients_section.section_space,assets/images/clients/brand_10.png
index_insurance.html,10,section.contact_section.section_space.pb-0,assets/images/site_logo/ins_favicon.png
index_insurance.html,10,section.contact_section.section_space.pb-0,assets/images/icons/icon_calling_6.svg
index_insurance.html,10,section.contact_section.section_space.pb-0,assets/images/icons/icon_sms_edit.svg
index_insurance.html,10,section.contact_section.section_space.pb-0,assets/images/icons/icon_messages.svg
index_insurance.html,10,section.contact_section.section_space.pb-0,assets/images/about/about_image_9.webp
index_insurance.html,12,footer.site_footer.footer_layout_5.bg-dark.section_decoration,assets/images/icons/icon_calling.svg
index_insurance.html,12,footer.site_footer.footer_layout_5.bg-dark.section_decoration,assets/images/app_store.webp
index_insurance.html,12,footer.site_footer.footer_layout_5.bg-dark.section_decoration,assets/images/google_play.webp
index_insurance.html,12,footer.site_footer.footer_layout_5.bg-dark.section_decoration,assets/images/shapes/shape_nate_34.svg
index_insurance.html,12,footer.site_footer.footer_layout_5.bg-dark.section_decoration,assets/images/shapes/shape_nate_35.svg
index_insurance.html,12,footer.site_footer.footer_layout_5.bg-dark.section_decoration,assets/images/shapes/shape_pattern_5.svg
index_insurance.html,12,footer.site_footer.footer_layout_5.bg-dark.section_decoration,assets/images/shapes/shape_pattern_7.svg
index_online_banking.html,1,header.site_header.header_layout_1,assets/images/site_logo/site_logo_white.svg
index_online_banking.html,1,header.site_header.header_layout_1,assets/images/site_logo/site_logo_black.svg
index_online_banking.html,2,section.hero_section.hero_online_banking.overflow-hidden.section_decoration,assets/images/backgrounds/hero_bg_noise.webp
index_online_banking.html,2,section.hero_section.hero_online_banking.overflow-hidden.section_decoration,assets/images/hero/hero_pattern.svg
index_online_banking.html,2,section.hero_section.hero_online_banking.overflow-hidden.section_decoration,assets/images/hero/hero_shape_1.svg
index_online_banking.html,2,section.hero_section.hero_online_banking.overflow-hidden.section_decoration,assets/images/hero/hero_hand_image.png
index_online_banking.html,2,section.hero_section.hero_online_banking.overflow-hidden.section_decoration,assets/images/hero/card.png
index_online_banking.html,2,section.hero_section.hero_online_banking.overflow-hidden.section_decoration,assets/images/clients/client_logo_2.webp
index_online_banking.html,2,section.hero_section.hero_online_banking.overflow-hidden.section_decoration,assets/images/clients/client_logo_3.webp
index_online_banking.html,2,section.hero_section.hero_online_banking.overflow-hidden.section_decoration,assets/images/clients/client_logo_4.webp
index_online_banking.html,2,section.hero_section.hero_online_banking.overflow-hidden.section_decoration,assets/images/clients/client_logo_5.webp
index_online_banking.html,2,section.hero_section.hero_online_banking.overflow-hidden.section_decoration,assets/images/clients/client_logo_6.webp
index_online_banking.html,2,section.hero_section.hero_online_banking.overflow-hidden.section_decoration,assets/images/clients/client_logo_7.webp
index_online_banking.html,2,section.hero_section.hero_online_banking.overflow-hidden.section_decoration,assets/images/clients/client_logo_8.webp
index_online_banking.html,2,section.hero_section.hero_online_banking.overflow-hidden.section_decoration,assets/images/icons/icon_star_4.svg
index_online_banking.html,2,section.hero_section.hero_online_banking.overflow-hidden.section_decoration,assets/images/icons/icon_star_3.svg
index_online_banking.html,2,section.hero_section.hero_online_banking.overflow-hidden.section_decoration,assets/images/shapes/shape_circle_2.svg
index_online_banking.html,3,section.feature_section.section_space,assets/images/icons/icon_wallet.svg
index_online_banking.html,3,section.feature_section.section_space,assets/images/features/ob_feature_image_1.webp
index_online_banking.html,3,section.feature_section.section_space,assets/images/icons/icon_chart_2.svg
index_online_banking.html,3,section.feature_section.section_space,assets/images/features/ob_feature_image_2.webp
index_online_banking.html,3,section.feature_section.section_space,assets/images/icons/icon_global_search.svg
index_online_banking.html,3,section.feature_section.section_space,assets/images/features/ob_feature_image_3.webp
index_online_banking.html,3,section.feature_section.section_space,assets/images/icons/icon_color_swatch.svg
index_online_banking.html,3,section.feature_section.section_space,assets/images/features/ob_feature_image_4.webp
index_online_banking.html,3,section.feature_section.section_space,assets/images/icons/icon_bitcoin.svg
index_online_banking.html,3,section.feature_section.section_space,assets/images/features/ob_feature_image_5.webp
index_online_banking.html,4,section.about_section.section_space.pb-0.bg-light,assets/images/icons/icon_maximize.svg
index_online_banking.html,4,section.about_section.section_space.pb-0.bg-light,assets/images/icons/icon_dollar_3.svg
index_online_banking.html,4,section.about_section.section_space.pb-0.bg-light,assets/images/about/about_image_1.webp
index_online_banking.html,4,section.about_section.section_space.pb-0.bg-light,assets/images/about/about_image_2.webp
index_online_banking.html,4,section.about_section.section_space.pb-0.bg-light,assets/images/avatar/avatar_image_4.webp
index_online_banking.html,4,section.about_section.section_space.pb-0.bg-light,assets/images/avatar/avatar_image_5.webp
index_online_banking.html,4,section.about_section.section_space.pb-0.bg-light,assets/images/avatar/avatar_image_6.webp
index_online_banking.html,4,section.about_section.section_space.pb-0.bg-light,assets/images/about/about_image_3.webp
index_online_banking.html,5,section.video_section.section_space.pb-0.bg-light,assets/images/about/about_video_image_1.webp
index_online_banking.html,6,section.funfact_section.section_space.bg-light,assets/images/shapes/funfact_bg_1.svg
index_online_banking.html,6,section.funfact_section.section_space.bg-light,assets/images/shapes/funfact_bg_2.svg
index_online_banking.html,6,section.funfact_section.section_space.bg-light,assets/images/shapes/shape_line.svg
index_online_banking.html,6,section.funfact_section.section_space.bg-light,assets/images/about/transactions_card_image.webp
index_online_banking.html,6,section.funfact_section.section_space.bg-light,assets/images/shapes/funfact_bg_3.svg
index_online_banking.html,6,section.funfact_section.section_space.bg-light,assets/images/shapes/funfact_bg_4.svg
index_online_banking.html,6,section.funfact_section.section_space.bg-light,assets/images/shapes/shape_circle_3.svg
index_online_banking.html,7,section.ob_process_section.section_space.section_decoration.overflow-hidden,assets/images/backgrounds/hero_bg_noise.webp
index_online_banking.html,7,section.ob_process_section.section_space.section_decoration.overflow-hidden,assets/images/hero/hero_pattern.svg
index_online_banking.html,7,section.ob_process_section.section_space.section_decoration.overflow-hidden,assets/images/icons/icon_pen.svg
index_online_banking.html,7,section.ob_process_section.section_space.section_decoration.overflow-hidden,assets/images/icons/icon_web_design.svg
index_online_banking.html,7,section.ob_process_section.section_space.section_decoration.overflow-hidden,assets/images/shapes/shape_circle_2.svg
index_online_banking.html,8,section.review_section,assets/images/clients/client_logo_9.webp
index_online_banking.html,8,section.review_section,assets/images/clients/client_logo_10.webp
index_online_banking.html,8,section.review_section,assets/images/avatar/avatar_image_2.webp
index_online_banking.html,9,section.integrated_section.section_space,assets/images/integrated/integrated_logo_1.webp
index_online_banking.html,9,section.integrated_section.section_space,assets/images/integrated/integrated_logo_2.webp
index_online_banking.html,9,section.integrated_section.section_space,assets/images/integrated/integrated_logo_3.webp
index_online_banking.html,9,section.integrated_section.section_space,assets/images/integrated/integrated_logo_4.webp
index_online_banking.html,9,section.integrated_section.section_space,assets/images/integrated/integrated_logo_5.webp
index_online_banking.html,9,section.integrated_section.section_space,assets/images/site_logo/site_logo_white.svg
index_online_banking.html,9,section.integrated_section.section_space,assets/images/integrated/integrated_logo_6.webp
index_online_banking.html,9,section.integrated_section.section_space,assets/images/integrated/integrated_logo_7.webp
index_online_banking.html,9,section.integrated_section.section_space,assets/images/integrated/integrated_logo_8.webp
index_online_banking.html,9,section.integrated_section.section_space,assets/images/integrated/integrated_logo_9.webp
index_online_banking.html,9,section.integrated_section.section_space,assets/images/integrated/integrated_logo_10.webp
index_online_banking.html,10,section.appstore_section.section_decoration,assets/images/backgrounds/app_store_bg_1.webp
index_online_banking.html,10,section.appstore_section.section_decoration,assets/images/about/mobile_app_image.webp
index_online_banking.html,11,footer.site_footer.footer_layout_2.bg-secondary.section_decoration,assets/images/backgrounds/hero_bg_noise.webp
index_online_banking.html,11,footer.site_footer.footer_layout_2.bg-secondary.section_decoration,assets/images/hero/hero_pattern.svg
index_online_banking.html,11,footer.site_footer.footer_layout_2.bg-secondary.section_decoration,assets/images/icons/icon_email.svg
index_online_banking.html,11,footer.site_footer.footer_layout_2.bg-secondary.section_decoration,assets/images/icons/icon_calling_5.svg
index_online_banking.html,11,footer.site_footer.footer_layout_2.bg-secondary.section_decoration,assets/images/icons/icon_map_mark.svg
index_online_banking.html,11,footer.site_footer.footer_layout_2.bg-secondary.section_decoration,assets/images/shapes/shape_circle_2.svg
index_payment_solutions.html,1,header.site_header.header_layout_1,assets/images/site_logo/is_logo.svg
index_payment_solutions.html,1,header.site_header.header_layout_1,assets/images/site_logo/site_logo_black.svg
index_payment_solutions.html,2,section.hero_section.hero_payment_solutions.overflow-hidden.section_decoration,assets/images/avatar/avatar_image_4.webp
index_payment_solutions.html,2,section.hero_section.hero_payment_solutions.overflow-hidden.section_decoration,assets/images/avatar/avatar_image_5.webp
index_payment_solutions.html,2,section.hero_section.hero_payment_solutions.overflow-hidden.section_decoration,assets/images/avatar/avatar_image_6.webp
index_payment_solutions.html,2,section.hero_section.hero_payment_solutions.overflow-hidden.section_decoration,assets/images/icons/icon_medal.svg
index_payment_solutions.html,2,section.hero_section.hero_payment_solutions.overflow-hidden.section_decoration,assets/images/hero/hero_hand_image_2.webp
index_payment_solutions.html,2,section.hero_section.hero_payment_solutions.overflow-hidden.section_decoration,assets/images/shapes/shape_pattern_1.svg
index_payment_solutions.html,2,section.hero_section.hero_payment_solutions.overflow-hidden.section_decoration,assets/images/shapes/shape_pattern_2.svg
index_payment_solutions.html,2,section.hero_section.hero_payment_solutions.overflow-hidden.section_decoration,assets/images/shapes/shape_nate_14.svg
index_payment_solutions.html,2,section.hero_section.hero_payment_solutions.overflow-hidden.section_decoration,assets/images/shapes/shape_nate_15.svg
index_payment_solutions.html,3,section.payment_methods_section,assets/images/icons/icon_payment_card.svg
index_payment_solutions.html,3,section.payment_methods_section,assets/images/icons/icon_face.svg
index_payment_solutions.html,3,section.payment_methods_section,assets/images/icons/icon_visa.svg
index_payment_solutions.html,3,section.payment_methods_section,assets/images/icons/icon_pay_24.svg
index_payment_solutions.html,3,section.payment_methods_section,assets/images/icons/icon_google_pay.svg
index_payment_solutions.html,3,section.payment_methods_section,assets/images/icons/icon_apple_pay.svg
index_payment_solutions.html,3,section.payment_methods_section,assets/images/icons/icon_qr_code.svg
index_payment_solutions.html,3,section.payment_methods_section,assets/images/icons/icon_chart_3.svg
index_payment_solutions.html,3,section.payment_methods_section,assets/images/shapes/shape_nate_15.svg
index_payment_solutions.html,3,section.payment_methods_section,assets/images/shapes/shape_nate_16.svg
index_payment_solutions.html,4,section.ps_contact_process_section.section_space.section_decoration,assets/images/shapes/shape_pattern_3.svg
index_payment_solutions.html,4,section.ps_contact_process_section.section_space.section_decoration,assets/images/site_logo/is_logo.svg
index_payment_solutions.html,4,section.ps_contact_process_section.section_space.section_decoration,assets/images/shapes/process_line_shape_1.webp
index_payment_solutions.html,4,section.ps_contact_process_section.section_space.section_decoration,assets/images/shapes/shape_arrow_1.webp
index_payment_solutions.html,4,section.ps_contact_process_section.section_space.section_decoration,assets/images/shapes/shape_arrow_2.webp
index_payment_solutions.html,4,section.ps_contact_process_section.section_space.section_decoration,assets/images/shapes/shape_nate_17.svg
index_payment_solutions.html,4,section.ps_contact_process_section.section_space.section_decoration,assets/images/shapes/shape_nate_18.svg
index_payment_solutions.html,5,section.powering_industry_section.section_space.section_decoration,assets/images/icons/icon_box.svg
index_payment_solutions.html,5,section.powering_industry_section.section_space.section_decoration,assets/images/icons/icon_graduation_cap.svg
index_payment_solutions.html,5,section.powering_industry_section.section_space.section_decoration,assets/images/icons/icon_gadget.svg
index_payment_solutions.html,5,section.powering_industry_section.section_space.section_decoration,assets/images/icons/icon_devices.svg
index_payment_solutions.html,5,section.powering_industry_section.section_space.section_decoration,assets/images/about/transactions_card_image_2.webp
index_payment_solutions.html,5,section.powering_industry_section.section_space.section_decoration,assets/images/shapes/shape_nate_19.svg
index_payment_solutions.html,5,section.powering_industry_section.section_space.section_decoration,assets/images/shapes/shape_arrow_1.webp
index_payment_solutions.html,6,section.ps_policy_section,assets/images/shapes/shape_1.webp
index_payment_solutions.html,6,section.ps_policy_section,assets/images/icons/icon_browser.svg
index_payment_solutions.html,6,section.ps_policy_section,assets/images/shapes/shape_2.webp
index_payment_solutions.html,6,section.ps_policy_section,assets/images/icons/icon_chat.svg
index_payment_solutions.html,6,section.ps_policy_section,assets/images/shapes/shape_3.webp
index_payment_solutions.html,6,section.ps_policy_section,assets/images/icons/icon_api.svg
index_payment_solutions.html,6,section.ps_policy_section,assets/images/icons/icon_layer.svg
index_payment_solutions.html,6,section.ps_policy_section,assets/images/shapes/shape_nate_17.svg
index_payment_solutions.html,6,section.ps_policy_section,assets/images/shapes/shape_nate_18.svg
index_payment_solutions.html,6,section.ps_policy_section,assets/images/shapes/shape_nate_20.svg
index_payment_solutions.html,8,section.ps_pntegrating_section.section_space.pb-0.section_decoration,assets/images/about/integration_image_1.webp
index_payment_solutions.html,8,section.ps_pntegrating_section.section_space.pb-0.section_decoration,assets/images/shapes/shape_nate_17.svg
index_payment_solutions.html,8,section.ps_pntegrating_section.section_space.pb-0.section_decoration,assets/images/shapes/shape_nate_18.svg
index_payment_solutions.html,9,section.ps_blog_section.section_space.section_decoration,assets/images/blogs/blog_image_13.webp
index_payment_solutions.html,9,section.ps_blog_section.section_space.section_decoration,assets/images/blogs/blog_image_14.webp
index_payment_solutions.html,9,section.ps_blog_section.section_space.section_decoration,assets/images/blogs/blog_image_15.webp
index_payment_solutions.html,9,section.ps_blog_section.section_space.section_decoration,assets/images/shapes/shape_nate_17.svg
index_payment_solutions.html,9,section.ps_blog_section.section_space.section_decoration,assets/images/shapes/shape_nate_18.svg
index_payment_solutions.html,10,footer.site_footer.footer_layout_3.bg-dark,assets/images/app_store.webp
index_payment_solutions.html,10,footer.site_footer.footer_layout_3.bg-dark,assets/images/google_play.webp
index_payment_solutions.html,10,footer.site_footer.footer_layout_3.bg-dark,assets/images/shapes/shape_nate_14.svg
index_payment_solutions.html,10,footer.site_footer.footer_layout_3.bg-dark,assets/images/shapes/shape_nate_15.svg
index_payment_solutions.html,10,footer.site_footer.footer_layout_3.bg-dark,assets/images/shapes/shape_nate_21.svg
index.html,1,header.site_header.header_layout_1,assets/images/site_logo/site_logo_white.svg
index.html,1,header.site_header.header_layout_1,assets/images/site_logo/site_logo_black.svg
index.html,1,header.site_header.header_layout_1,assets/images/icons/icon_calling.svg
index.html,2,section.hero_section.hero_investment_solution.section_decoration.overflow-hidden,assets/images/backgrounds/hero_bg_1.webp
index.html,2,section.hero_section.hero_investment_solution.section_decoration.overflow-hidden,assets/images/clients/client_logo_1.webp
index.html,2,section.hero_section.hero_investment_solution.section_decoration.overflow-hidden,assets/images/hero/hero_image_1.webp
index.html,2,section.hero_section.hero_investment_solution.section_decoration.overflow-hidden,assets/images/shapes/shape_dollar_2.webp
index.html,2,section.hero_section.hero_investment_solution.section_decoration.overflow-hidden,assets/images/shapes/shape_dollar_4.webp
index.html,2,section.hero_section.hero_investment_solution.section_decoration.overflow-hidden,assets/images/shapes/shape_dollar_3.webp
index.html,2,section.hero_section.hero_investment_solution.section_decoration.overflow-hidden,assets/images/shapes/shape_dollar_6.webp
index.html,2,section.hero_section.hero_investment_solution.section_decoration.overflow-hidden,assets/images/shapes/shape_dollar_1.webp
index.html,2,section.hero_section.hero_investment_solution.section_decoration.overflow-hidden,assets/images/shapes/shape_nate_7.svg
index.html,2,section.hero_section.hero_investment_solution.section_decoration.overflow-hidden,assets/images/shapes/breadcrumb_shape_pattern_2.svg
index.html,3,section.about_section.section_decoration.overflow-hidden,assets/images/clients/client_logo_2.webp
index.html,3,section.about_section.section_decoration.overflow-hidden,assets/images/clients/client_logo_3.webp
index.html,3,section.about_section.section_decoration.overflow-hidden,assets/images/clients/client_logo_4.webp
index.html,3,section.about_section.section_decoration.overflow-hidden,assets/images/clients/client_logo_5.webp
index.html,3,section.about_section.section_decoration.overflow-hidden,assets/images/clients/client_logo_6.webp
index.html,3,section.about_section.section_decoration.overflow-hidden,assets/images/clients/client_logo_7.webp
index.html,3,section.about_section.section_decoration.overflow-hidden,assets/images/clients/client_logo_8.webp
index.html,3,section.about_section.section_decoration.overflow-hidden,assets/images/about/mac_image_1.webp
index.html,3,section.about_section.section_decoration.overflow-hidden,assets/images/about/chart_image_1.webp
index.html,3,section.about_section.section_decoration.overflow-hidden,assets/images/shapes/shape_circle_1.webp
index.html,3,section.about_section.section_decoration.overflow-hidden,assets/images/shapes/shape_dollar_3.webp
index.html,3,section.about_section.section_decoration.overflow-hidden,assets/images/icons/icon_dollar_bag.svg
index.html,3,section.about_section.section_decoration.overflow-hidden,assets/images/icons/icon_overlap.svg
index.html,3,section.about_section.section_decoration.overflow-hidden,assets/images/icons/icon_chart_bar.svg
index.html,3,section.about_section.section_decoration.overflow-hidden,assets/images/shapes/shape_nate_8.svg
index.html,3,section.about_section.section_decoration.overflow-hidden,assets/images/shapes/shape_nate_9.svg
index.html,3,section.about_section.section_decoration.overflow-hidden,assets/images/shapes/shape_dollar_1.webp
index.html,4,section.service_section.bg-secondary.section_decoration.overflow-hidden,assets/images/shapes/shape_nate_8.svg
index.html,4,section.service_section.bg-secondary.section_decoration.overflow-hidden,assets/images/shapes/shape_dollar_2.webp
index.html,4,section.service_section.bg-secondary.section_decoration.overflow-hidden,assets/images/shapes/shape_dollar_3.webp
index.html,4,section.service_section.bg-secondary.section_decoration.overflow-hidden,assets/images/shapes/shape_dollar_6.webp
index.html,4,section.service_section.bg-secondary.section_decoration.overflow-hidden,assets/images/icons/icon_rectangle.svg
index.html,4,section.service_section.bg-secondary.section_decoration.overflow-hidden,assets/images/icons/icon_search.svg
index.html,4,section.service_section.bg-secondary.section_decoration.overflow-hidden,assets/images/icons/icon_chart_bar_2.svg
index.html,4,section.service_section.bg-secondary.section_decoration.overflow-hidden,assets/images/icons/icon_dollar_2.svg
index.html,4,section.service_section.bg-secondary.section_decoration.overflow-hidden,assets/images/icons/icon_man.svg
index.html,4,section.service_section.bg-secondary.section_decoration.overflow-hidden,assets/images/policy/policy_image_1.webp
index.html,4,section.service_section.bg-secondary.section_decoration.overflow-hidden,assets/images/icons/icon_lock.svg
index.html,4,section.service_section.bg-secondary.section_decoration.overflow-hidden,assets/images/policy/policy_image_2.webp
index.html,4,section.service_section.bg-secondary.section_decoration.overflow-hidden,assets/images/icons/icon_users.svg
index.html,4,section.service_section.bg-secondary.section_decoration.overflow-hidden,assets/images/policy/policy_image_3.webp
index.html,4,section.service_section.bg-secondary.section_decoration.overflow-hidden,assets/images/icons/icon_odomitter.svg
index.html,4,section.service_section.bg-secondary.section_decoration.overflow-hidden,assets/images/shapes/shape_nate_10.svg
index.html,4,section.service_section.bg-secondary.section_decoration.overflow-hidden,assets/images/shapes/shape_nate_7.svg
index.html,4,section.service_section.bg-secondary.section_decoration.overflow-hidden,assets/images/shapes/shape_nate_11.svg
index.html,5,section.review_section.section_space.section_decoration,assets/images/avatar/avatar_image_1.webp
index.html,5,section.review_section.section_space.section_decoration,assets/images/avatar/avatar_image_2.webp
index.html,5,section.review_section.section_space.section_decoration,assets/images/avatar/avatar_image_3.webp
index.html,5,section.review_section.section_space.section_decoration,assets/images/shapes/shape_circle_1.svg
index.html,5,section.review_section.section_space.section_decoration,assets/images/shapes/shape_dollar_2.webp
index.html,5,section.review_section.section_space.section_decoration,assets/images/shapes/shape_dollar_1.webp
index.html,6,section.pricing_section.section_space.section_decoration,assets/images/backgrounds/page_header_bg_1.webp
index.html,6,section.pricing_section.section_space.section_decoration,assets/images/icons/icon_rectangle.svg
index.html,6,section.pricing_section.section_space.section_decoration,assets/images/icons/icon_briefcase.svg
index.html,6,section.pricing_section.section_space.section_decoration,assets/images/icons/icon_dollar.svg
index.html,6,section.pricing_section.section_space.section_decoration,assets/images/icons/icon_chart.svg
index.html,6,section.pricing_section.section_space.section_decoration,assets/images/icons/icon_building.svg
index.html,6,section.pricing_section.section_space.section_decoration,assets/images/shapes/shape_dollar_2.webp
index.html,6,section.pricing_section.section_space.section_decoration,assets/images/shapes/shape_dollar_1.webp
index.html,6,section.pricing_section.section_space.section_decoration,assets/images/shapes/shape_nate_8.svg
index.html,7,section.team_section,assets/images/team/team_member_image_1.webp
index.html,7,section.team_section,assets/images/team/team_member_image_2.webp
index.html,7,section.team_section,assets/images/team/team_member_image_3.webp
index.html,7,section.team_section,assets/images/team/team_member_image_4.webp
index.html,8,section.faq_section.section_decoration.overflow-hidden,assets/images/about/faq_about_image.webp
index.html,8,section.faq_section.section_decoration.overflow-hidden,assets/images/shapes/shape_dollar_1.webp
index.html,8,section.faq_section.section_decoration.overflow-hidden,assets/images/about/chart_image_1.webp
index.html,8,section.faq_section.section_decoration.overflow-hidden,assets/images/shapes/shape_nate_2.svg
index.html,8,section.faq_section.section_decoration.overflow-hidden,assets/images/shapes/shape_nate_13.svg
index.html,9,footer.site_footer.footer_layout_1.bg-secondary.section_decoration,assets/images/backgrounds/footer_bg_1.webp
index.html,9,footer.site_footer.footer_layout_1.bg-secondary.section_decoration,assets/images/icons/icon_email.svg
index.html,9,footer.site_footer.footer_layout_1.bg-secondary.section_decoration,assets/images/site_logo/site_logo_white.svg
index.html,9,footer.site_footer.footer_layout_1.bg-secondary.section_decoration,assets/images/icons/icon_calling_2.svg
index.html,9,footer.site_footer.footer_layout_1.bg-secondary.section_decoration,assets/images/icons/icon_email_2.svg
index.html,9,footer.site_footer.footer_layout_1.bg-secondary.section_decoration,assets/images/app_store.webp
index.html,9,footer.site_footer.footer_layout_1.bg-secondary.section_decoration,assets/images/google_play.webp
index.html,9,footer.site_footer.footer_layout_1.bg-secondary.section_decoration,assets/images/shapes/shape_nate_2.svg
index.html,9,footer.site_footer.footer_layout_1.bg-secondary.section_decoration,assets/images/shapes/shape_dollar_5.webp
index.html,9,footer.site_footer.footer_layout_1.bg-secondary.section_decoration,assets/images/shapes/shape_dollar_3.webp
pricing.html,1,header.site_header.header_layout_1,assets/images/site_logo/site_logo_white.svg
pricing.html,1,header.site_header.header_layout_1,assets/images/site_logo/site_logo_black.svg
pricing.html,1,header.site_header.header_layout_1,assets/images/icons/icon_calling.svg
pricing.html,2,section.page_header.text-center.bg-dark.section_decoration,assets/images/backgrounds/page_header_bg_1.webp
pricing.html,2,section.page_header.text-center.bg-dark.section_decoration,assets/images/shapes/shape_nate.svg
pricing.html,2,section.page_header.text-center.bg-dark.section_decoration,assets/images/shapes/shape_dollar_1.webp
pricing.html,2,section.page_header.text-center.bg-dark.section_decoration,assets/images/shapes/shape_dollar_2.webp
pricing.html,2,section.page_header.text-center.bg-dark.section_decoration,assets/images/shapes/shape_dollar_3.webp
pricing.html,2,section.page_header.text-center.bg-dark.section_decoration,assets/images/shapes/shape_dollar_4.webp
pricing.html,2,section.page_header.text-center.bg-dark.section_decoration,assets/images/shapes/breadcrumb_shape_pattern_1.svg
pricing.html,2,section.page_header.text-center.bg-dark.section_decoration,assets/images/shapes/breadcrumb_shape_pattern_2.svg
pricing.html,3,section.policy_section.section_space,assets/images/icons/icon_doc.svg
pricing.html,3,section.policy_section.section_space,assets/images/icons/icon_chart_5.svg
pricing.html,3,section.policy_section.section_space,assets/images/icons/icon_headphone_2.svg
pricing.html,4,section.service_section.section_space.section_decoration.bg-secondary,assets/images/shapes/shape_nate_8.svg
pricing.html,4,section.service_section.section_space.section_decoration.bg-secondary,assets/images/shapes/shape_nate_10.svg
pricing.html,4,section.service_section.section_space.section_decoration.bg-secondary,assets/images/shapes/shape_nate_7.svg
pricing.html,4,section.service_section.section_space.section_decoration.bg-secondary,assets/images/shapes/shape_nate_11.svg
pricing.html,4,section.service_section.section_space.section_decoration.bg-secondary,assets/images/shapes/shape_dollar_2.webp
pricing.html,4,section.service_section.section_space.section_decoration.bg-secondary,assets/images/shapes/shape_dollar_3.webp
pricing.html,5,footer.site_footer.footer_layout_1.bg-dark.section_decoration,assets/images/icons/icon_email.svg
pricing.html,5,footer.site_footer.footer_layout_1.bg-dark.section_decoration,assets/images/site_logo/site_logo_white.svg
pricing.html,5,footer.site_footer.footer_layout_1.bg-dark.section_decoration,assets/images/icons/icon_calling_2.svg
pricing.html,5,footer.site_footer.footer_layout_1.bg-dark.section_decoration,assets/images/icons/icon_email_2.svg
pricing.html,5,footer.site_footer.footer_layout_1.bg-dark.section_decoration,assets/images/app_store.webp
pricing.html,5,footer.site_footer.footer_layout_1.bg-dark.section_decoration,assets/images/google_play.webp
pricing.html,5,footer.site_footer.footer_layout_1.bg-dark.section_decoration,assets/images/shapes/shape_finto.svg
pricing.html,5,footer.site_footer.footer_layout_1.bg-dark.section_decoration,assets/images/shapes/shape_nate_2.svg
pricing.html,5,footer.site_footer.footer_layout_1.bg-dark.section_decoration,assets/images/shapes/shape_dollar_5.webp
pricing.html,5,footer.site_footer.footer_layout_1.bg-dark.section_decoration,assets/images/shapes/shape_dollar_3.webp
project_details.html,1,header.site_header.header_layout_1,assets/images/site_logo/site_logo_white.svg
project_details.html,1,header.site_header.header_layout_1,assets/images/site_logo/site_logo_black.svg
project_details.html,1,header.site_header.header_layout_1,assets/images/icons/icon_calling.svg
project_details.html,2,section.page_header.text-center.bg-dark.section_decoration,assets/images/backgrounds/page_header_bg_1.webp
project_details.html,2,section.page_header.text-center.bg-dark.section_decoration,assets/images/shapes/shape_nate.svg
project_details.html,2,section.page_header.text-center.bg-dark.section_decoration,assets/images/shapes/shape_dollar_1.webp
project_details.html,2,section.page_header.text-center.bg-dark.section_decoration,assets/images/shapes/shape_dollar_2.webp
project_details.html,2,section.page_header.text-center.bg-dark.section_decoration,assets/images/shapes/shape_dollar_3.webp
project_details.html,2,section.page_header.text-center.bg-dark.section_decoration,assets/images/shapes/shape_dollar_4.webp
project_details.html,2,section.page_header.text-center.bg-dark.section_decoration,assets/images/shapes/breadcrumb_shape_pattern_1.svg
project_details.html,2,section.page_header.text-center.bg-dark.section_decoration,assets/images/shapes/breadcrumb_shape_pattern_2.svg
project_details.html,3,section.project_details_section.section_space.section_decoration.overflow-hidden,assets/images/projects/project_details_image_1.webp
project_details.html,3,section.project_details_section.section_space.section_decoration.overflow-hidden,assets/images/icons/icon_check.svg
project_details.html,3,section.project_details_section.section_space.section_decoration.overflow-hidden,assets/images/projects/project_image_3.webp
project_details.html,3,section.project_details_section.section_space.section_decoration.overflow-hidden,assets/images/projects/project_image_4.webp
project_details.html,3,section.project_details_section.section_space.section_decoration.overflow-hidden,assets/images/projects/project_image_5.webp
project_details.html,3,section.project_details_section.section_space.section_decoration.overflow-hidden,assets/images/shapes/shape_dollar_3.webp
project_details.html,3,section.project_details_section.section_space.section_decoration.overflow-hidden,assets/images/shapes/shape_dollar_1.webp
project_details.html,3,section.project_details_section.section_space.section_decoration.overflow-hidden,assets/images/shapes/shape_dollar_2.webp
project_details.html,3,section.project_details_section.section_space.section_decoration.overflow-hidden,assets/images/shapes/shape_nate_3.svg
project_details.html,3,section.project_details_section.section_space.section_decoration.overflow-hidden,assets/images/shapes/shape_nate_4.svg
project_details.html,3,section.project_details_section.section_space.section_decoration.overflow-hidden,assets/images/shapes/shape_nate_5.svg
project_details.html,3,section.project_details_section.section_space.section_decoration.overflow-hidden,assets/images/shapes/shape_nate_6.svg
project_details.html,4,footer.site_footer.footer_layout_1.bg-dark.section_decoration,assets/images/icons/icon_email.svg
project_details.html,4,footer.site_footer.footer_layout_1.bg-dark.section_decoration,assets/images/site_logo/site_logo_white.svg
project_details.html,4,footer.site_footer.footer_layout_1.bg-dark.section_decoration,assets/images/icons/icon_calling_2.svg
project_details.html,4,footer.site_footer.footer_layout_1.bg-dark.section_decoration,assets/images/icons/icon_email_2.svg
project_details.html,4,footer.site_footer.footer_layout_1.bg-dark.section_decoration,assets/images/app_store.webp
project_details.html,4,footer.site_footer.footer_layout_1.bg-dark.section_decoration,assets/images/google_play.webp
project_details.html,4,footer.site_footer.footer_layout_1.bg-dark.section_decoration,assets/images/shapes/shape_finto.svg
project_details.html,4,footer.site_footer.footer_layout_1.bg-dark.section_decoration,assets/images/shapes/shape_nate_2.svg
project_details.html,4,footer.site_footer.footer_layout_1.bg-dark.section_decoration,assets/images/shapes/shape_dollar_5.webp
project_details.html,4,footer.site_footer.footer_layout_1.bg-dark.section_decoration,assets/images/shapes/shape_dollar_3.webp
projects.html,1,header.site_header.header_layout_1,assets/images/site_logo/site_logo_white.svg
projects.html,1,header.site_header.header_layout_1,assets/images/site_logo/site_logo_black.svg
projects.html,1,header.site_header.header_layout_1,assets/images/icons/icon_calling.svg
projects.html,2,section.page_header.text-center.bg-dark.section_decoration,assets/images/backgrounds/page_header_bg_1.webp
projects.html,2,section.page_header.text-center.bg-dark.section_decoration,assets/images/shapes/shape_nate.svg
projects.html,2,section.page_header.text-center.bg-dark.section_decoration,assets/images/shapes/shape_dollar_1.webp
projects.html,2,section.page_header.text-center.bg-dark.section_decoration,assets/images/shapes/shape_dollar_2.webp
projects.html,2,section.page_header.text-center.bg-dark.section_decoration,assets/images/shapes/shape_dollar_3.webp
projects.html,2,section.page_header.text-center.bg-dark.section_decoration,assets/images/shapes/shape_dollar_4.webp
projects.html,2,section.page_header.text-center.bg-dark.section_decoration,assets/images/shapes/breadcrumb_shape_pattern_1.svg
projects.html,2,section.page_header.text-center.bg-dark.section_decoration,assets/images/shapes/breadcrumb_shape_pattern_2.svg
projects.html,3,section.project_section.section_space.section_decoration.overflow-hidden,assets/images/projects/project_image_1.webp
projects.html,3,section.project_section.section_space.section_decoration.overflow-hidden,assets/images/projects/project_image_2.webp
projects.html,3,section.project_section.section_space.section_decoration.overflow-hidden,assets/images/projects/project_image_3.webp
projects.html,3,section.project_section.section_space.section_decoration.overflow-hidden,assets/images/projects/project_image_4.webp
projects.html,3,section.project_section.section_space.section_decoration.overflow-hidden,assets/images/projects/project_image_5.webp
projects.html,3,section.project_section.section_space.section_decoration.overflow-hidden,assets/images/projects/project_image_6.webp
projects.html,3,section.project_section.section_space.section_decoration.overflow-hidden,assets/images/projects/project_image_7.webp
projects.html,3,section.project_section.section_space.section_decoration.overflow-hidden,assets/images/shapes/shape_dollar_3.webp
projects.html,3,section.project_section.section_space.section_decoration.overflow-hidden,assets/images/shapes/shape_nate_3.svg
projects.html,3,section.project_section.section_space.section_decoration.overflow-hidden,assets/images/shapes/shape_nate_4.svg
projects.html,3,section.project_section.section_space.section_decoration.overflow-hidden,assets/images/shapes/shape_nate_5.svg
projects.html,3,section.project_section.section_space.section_decoration.overflow-hidden,assets/images/shapes/shape_nate_6.svg
projects.html,4,footer.site_footer.footer_layout_1.bg-dark.section_decoration,assets/images/icons/icon_email.svg
projects.html,4,footer.site_footer.footer_layout_1.bg-dark.section_decoration,assets/images/site_logo/site_logo_white.svg
projects.html,4,footer.site_footer.footer_layout_1.bg-dark.section_decoration,assets/images/icons/icon_calling_2.svg
projects.html,4,footer.site_footer.footer_layout_1.bg-dark.section_decoration,assets/images/icons/icon_email_2.svg
projects.html,4,footer.site_footer.footer_layout_1.bg-dark.section_decoration,assets/images/app_store.webp
projects.html,4,footer.site_footer.footer_layout_1.bg-dark.section_decoration,assets/images/google_play.webp
projects.html,4,footer.site_footer.footer_layout_1.bg-dark.section_decoration,assets/images/shapes/shape_finto.svg
projects.html,4,footer.site_footer.footer_layout_1.bg-dark.section_decoration,assets/images/shapes/shape_nate_2.svg
projects.html,4,footer.site_footer.footer_layout_1.bg-dark.section_decoration,assets/images/shapes/shape_dollar_5.webp
projects.html,4,footer.site_footer.footer_layout_1.bg-dark.section_decoration,assets/images/shapes/shape_dollar_3.webp
service_details.html,1,header.site_header.header_layout_1,assets/images/site_logo/site_logo_white.svg
service_details.html,1,header.site_header.header_layout_1,assets/images/site_logo/site_logo_black.svg
service_details.html,1,header.site_header.header_layout_1,assets/images/icons/icon_calling.svg
service_details.html,2,section.page_header.text-center.bg-dark.section_decoration,assets/images/backgrounds/page_header_bg_1.webp
service_details.html,2,section.page_header.text-center.bg-dark.section_decoration,assets/images/shapes/shape_nate.svg
service_details.html,2,section.page_header.text-center.bg-dark.section_decoration,assets/images/shapes/shape_dollar_1.webp
service_details.html,2,section.page_header.text-center.bg-dark.section_decoration,assets/images/shapes/shape_dollar_2.webp
service_details.html,2,section.page_header.text-center.bg-dark.section_decoration,assets/images/shapes/shape_dollar_3.webp
service_details.html,2,section.page_header.text-center.bg-dark.section_decoration,assets/images/shapes/shape_dollar_4.webp
service_details.html,2,section.page_header.text-center.bg-dark.section_decoration,assets/images/shapes/breadcrumb_shape_pattern_1.svg
service_details.html,2,section.page_header.text-center.bg-dark.section_decoration,assets/images/shapes/breadcrumb_shape_pattern_2.svg
service_details.html,3,section.service_details_section.section_space.section_decoration.overflow-hidden,assets/images/services/service_details_image_1.webp
service_details.html,3,section.service_details_section.section_space.section_decoration.overflow-hidden,assets/images/icons/icon_headphone.svg
service_details.html,3,section.service_details_section.section_space.section_decoration.overflow-hidden,assets/images/icons/icon_bulb.svg
service_details.html,3,section.service_details_section.section_space.section_decoration.overflow-hidden,assets/images/icons/icon_head.svg
service_details.html,3,section.service_details_section.section_space.section_decoration.overflow-hidden,assets/images/icons/icon_chart_4.svg
service_details.html,3,section.service_details_section.section_space.section_decoration.overflow-hidden,assets/images/icons/icon_check.svg
service_details.html,3,section.service_details_section.section_space.section_decoration.overflow-hidden,assets/images/shapes/shape_dollar_3.webp
service_details.html,3,section.service_details_section.section_space.section_decoration.overflow-hidden,assets/images/shapes/shape_dollar_1.webp
service_details.html,3,section.service_details_section.section_space.section_decoration.overflow-hidden,assets/images/shapes/shape_dollar_2.webp
service_details.html,3,section.service_details_section.section_space.section_decoration.overflow-hidden,assets/images/shapes/shape_nate_3.svg
service_details.html,3,section.service_details_section.section_space.section_decoration.overflow-hidden,assets/images/shapes/shape_nate_4.svg
service_details.html,3,section.service_details_section.section_space.section_decoration.overflow-hidden,assets/images/shapes/shape_nate_5.svg
service_details.html,3,section.service_details_section.section_space.section_decoration.overflow-hidden,assets/images/shapes/shape_nate_6.svg
service_details.html,4,footer.site_footer.footer_layout_1.bg-dark.section_decoration,assets/images/icons/icon_email.svg
service_details.html,4,footer.site_footer.footer_layout_1.bg-dark.section_decoration,assets/images/site_logo/site_logo_white.svg
service_details.html,4,footer.site_footer.footer_layout_1.bg-dark.section_decoration,assets/images/icons/icon_calling_2.svg
service_details.html,4,footer.site_footer.footer_layout_1.bg-dark.section_decoration,assets/images/icons/icon_email_2.svg
service_details.html,4,footer.site_footer.footer_layout_1.bg-dark.section_decoration,assets/images/app_store.webp
service_details.html,4,footer.site_footer.footer_layout_1.bg-dark.section_decoration,assets/images/google_play.webp
service_details.html,4,footer.site_footer.footer_layout_1.bg-dark.section_decoration,assets/images/shapes/shape_finto.svg
service_details.html,4,footer.site_footer.footer_layout_1.bg-dark.section_decoration,assets/images/shapes/shape_nate_2.svg
service_details.html,4,footer.site_footer.footer_layout_1.bg-dark.section_decoration,assets/images/shapes/shape_dollar_5.webp
service_details.html,4,footer.site_footer.footer_layout_1.bg-dark.section_decoration,assets/images/shapes/shape_dollar_3.webp
services.html,1,header.site_header.header_layout_1,assets/images/site_logo/site_logo_white.svg
services.html,1,header.site_header.header_layout_1,assets/images/site_logo/site_logo_black.svg
services.html,1,header.site_header.header_layout_1,assets/images/icons/icon_calling.svg
services.html,2,section.page_header.text-center.bg-dark.section_decoration,assets/images/backgrounds/page_header_bg_1.webp
services.html,2,section.page_header.text-center.bg-dark.section_decoration,assets/images/shapes/shape_nate.svg
services.html,2,section.page_header.text-center.bg-dark.section_decoration,assets/images/shapes/shape_dollar_1.webp
services.html,2,section.page_header.text-center.bg-dark.section_decoration,assets/images/shapes/shape_dollar_2.webp
services.html,2,section.page_header.text-center.bg-dark.section_decoration,assets/images/shapes/shape_dollar_3.webp
services.html,2,section.page_header.text-center.bg-dark.section_decoration,assets/images/shapes/shape_dollar_4.webp
services.html,2,section.page_header.text-center.bg-dark.section_decoration,assets/images/shapes/breadcrumb_shape_pattern_1.svg
services.html,2,section.page_header.text-center.bg-dark.section_decoration,assets/images/shapes/breadcrumb_shape_pattern_2.svg
services.html,3,section.feature_section.section_space,assets/images/icons/icon_dollar_bag.svg
services.html,3,section.feature_section.section_space,assets/images/icons/icon_overlap.svg
services.html,3,section.feature_section.section_space,assets/images/icons/icon_chart_bar.svg
services.html,4,section.service_section.bg-secondary.section_decoration.overflow-hidden,assets/images/icons/icon_rectangle.svg
services.html,4,section.service_section.bg-secondary.section_decoration.overflow-hidden,assets/images/icons/icon_home.svg
services.html,4,section.service_section.bg-secondary.section_decoration.overflow-hidden,assets/images/icons/icon_search.svg
services.html,4,section.service_section.bg-secondary.section_decoration.overflow-hidden,assets/images/icons/icon_chart_bar_2.svg
services.html,4,section.service_section.bg-secondary.section_decoration.overflow-hidden,assets/images/icons/icon_dollar_2.svg
services.html,4,section.service_section.bg-secondary.section_decoration.overflow-hidden,assets/images/icons/icon_man.svg
services.html,4,section.service_section.bg-secondary.section_decoration.overflow-hidden,assets/images/icons/icon_discount.svg
services.html,4,section.service_section.bg-secondary.section_decoration.overflow-hidden,assets/images/about/faq_about_image.webp
services.html,4,section.service_section.bg-secondary.section_decoration.overflow-hidden,assets/images/shapes/shape_dollar_1.webp
services.html,4,section.service_section.bg-secondary.section_decoration.overflow-hidden,assets/images/about/chart_image_1.webp
services.html,4,section.service_section.bg-secondary.section_decoration.overflow-hidden,assets/images/shapes/shape_nate_8.svg
services.html,4,section.service_section.bg-secondary.section_decoration.overflow-hidden,assets/images/shapes/shape_nate_10.svg
services.html,4,section.service_section.bg-secondary.section_decoration.overflow-hidden,assets/images/shapes/shape_nate_7.svg
services.html,4,section.service_section.bg-secondary.section_decoration.overflow-hidden,assets/images/shapes/shape_nate_11.svg
services.html,4,section.service_section.bg-secondary.section_decoration.overflow-hidden,assets/images/shapes/shape_dollar_2.webp
services.html,4,section.service_section.bg-secondary.section_decoration.overflow-hidden,assets/images/shapes/shape_dollar_3.webp
services.html,5,footer.site_footer.footer_layout_1.bg-dark.section_decoration,assets/images/icons/icon_email.svg
services.html,5,footer.site_footer.footer_layout_1.bg-dark.section_decoration,assets/images/site_logo/site_logo_white.svg
services.html,5,footer.site_footer.footer_layout_1.bg-dark.section_decoration,assets/images/icons/icon_calling_2.svg
services.html,5,footer.site_footer.footer_layout_1.bg-dark.section_decoration,assets/images/icons/icon_email_2.svg
services.html,5,footer.site_footer.footer_layout_1.bg-dark.section_decoration,assets/images/app_store.webp
services.html,5,footer.site_footer.footer_layout_1.bg-dark.section_decoration,assets/images/google_play.webp
services.html,5,footer.site_footer.footer_layout_1.bg-dark.section_decoration,assets/images/shapes/shape_finto.svg
services.html,5,footer.site_footer.footer_layout_1.bg-dark.section_decoration,assets/images/shapes/shape_nate_2.svg
services.html,5,footer.site_footer.footer_layout_1.bg-dark.section_decoration,assets/images/shapes/shape_dollar_5.webp
services.html,5,footer.site_footer.footer_layout_1.bg-dark.section_decoration,assets/images/shapes/shape_dollar_3.webp